user_id,full_name,postCount,follower_count
UCKWSC5Sym-T-W7t5TvWc7cw,MotorBlog of Greece,MotorBlog of Greece,
UCu_FOBoFwkRLeJsTLXZlSPQ,MotorBlog MX,MotorBlog MX,
UC9mXRrtwhjLTcNZ6ZouF_Mg,Motorblog,Motorblog,
UCLRG4kwAGxFyELE33Q8bvtA,Motorblog of Sweden,Motorblog of Sweden,
UCDyZTvrd4lQ3s_ObczO7AdQ,MotorBloc,MotorBloc,
UCMQxOrnSmH0PJ4yuMPrIyNQ,MotorBlog India,MotorBlog India,
UCHGD-vpW4osT2EwLq01HbhA,ðŸ“·SM MOTOR BLOGING ,ðŸ“·SM MOTOR BLOGING ,
UCIkm9g7A1_J317lUy25oDWg,DIP MOTOR BLOGING,DIP MOTOR BLOGING,
UCDe82EyhGrtSjFoLiB8VrmQ,MOTORBLOG,MOTORBLOG,
UCJCT9X7Qe7sX0fuxaHVyVnA,sanju motorblog ,sanju motorblog ,
UCf4dgLFBB-niVgs_V24MfmQ,MotorBlog,MotorBlog,
UCJJh_QzYeSa6HZYKVBKB5dQ,Rilimpe Motorblog,Rilimpe Motorblog,
UCj7jZOTIVA732pjOpC7twXw,Rik_Motovlogs,Rik_Motovlogs,
UCzio6h5A-19Q8eSxkcCis_g,Sass MotorBlog,Sass MotorBlog,
UCPIK_2B9URd1-cElFKPYo4Q,Motor Bloging Assam ,Motor Bloging Assam ,
UCmM2CgJ0l8MuwdlMVjW4lMA,motorblog,motorblog,
UC5-REzN_nbfuutPAuW1Xe1A,APS Motorblogs,APS Motorblogs,
UCdMn8uD3HCzgsSjwGf3C7Vg,Olis MotorBlog,Olis MotorBlog,
UCsHyslKrryWpi5xATQSuSdA,DCS Motorblog,DCS Motorblog,
UCwc7p1p5XLUNIST5TAxNtXQ,Motorblog Spot,Motorblog Spot,
UCxTWe1iBaU6ElfR-i2CuqPQ,AFTAF motorblog,AFTAF motorblog,
UCO8Pa-ZKALGNOwds58-rj7w,AR Fahim (motorblog),AR Fahim (motorblog),
UCWl1dwFWJHkWyoVcxnNW7CQ,MOTOR BLOGGING ,MOTOR BLOGGING ,
UCUC5pqt4gQ-oExxDycFfXXQ,2stroke motorblog,2stroke motorblog,
UCy_pcIj4F8Xk5AB4K4klChA,RIL Motorblog ,RIL Motorblog ,
UCQpPLOIuRgpjPrXZLkZybpw,Aryu Moto Vlogs,Aryu Moto Vlogs,
UCrObJAQGkK3ejVvU68kXrxA,SkyyCris Motovlog,SkyyCris Motovlog,
UCxkHjY9bQMnhhr7OllHsY7Q,Pabstv Motorblog,Pabstv Motorblog,
UC8f3dwI4QFdAlD4nUmaJxyw,Naved Ali ,Naved Ali ,
UCy_vp2gmQxAPtGbxN-_NejA,motorblog by Ragas,motorblog by Ragas,
UCsKcTz9oRnLnN9dlmhnoA9w,Thakurblogs,Thakurblogs,
UCCzO0c7sw3kdIHY_tkLFf9g,FULLSPEED Motorblog,FULLSPEED Motorblog,
UCf9nRuHF_MrtoW64kXCmU9Q,france motorblog,france motorblog,
UCAu31iF5AUgenDxS0xtj72w,SDBR MOTOBLOG,SDBR MOTOBLOG,
UC647TU2293rhZaGhsek6-8Q,Bunjog motorblog,Bunjog motorblog,
UCGZVORR-imX3ZffTPsvCu2g,Motor blog 360,Motor blog 360,
UCUcgLfhhDM8tLsz7ikRSczA,IJED-S MotorBlog,IJED-S MotorBlog,
UCVSW-0Qo58cwKQVhzPJtzeQ,Motorblog Uruguay,Motorblog Uruguay,
UCEOGkWBVIMt__A7J4LpU1gw, MOTOVLOGz900, MOTOVLOGz900,
UC9FKqHdwd4LkggDjO155Czw,Mehrab Sheikh,Mehrab Sheikh,
UCo5_NCqEBQ0YIVA3-xfUWdQ,CARpe Diem Motorblog,CARpe Diem Motorblog,
UC_mk5JNVXFpkg4Qwbydh4Tg,Motor Blog,Motor Blog,
UCEhagl4qkGOUVuFsjukVpXA,Ifacsucsok Motorblog,Ifacsucsok Motorblog,
UCCt8Mre26_YH851WhEkb5fA,Rizzy,Rizzy,
UCEE4aYURiutdXvQsTfzxQ7Q,TurbometalChannel,TurbometalChannel,
UCPUGTBoWdUISxPpjoDovcmw,MotoVloggerTej,MotoVloggerTej,
UC5aavYWOdvPSZmrRE7HC0Jg,motor blog,motor blog,
UCShqnJaFNjRkB-SUTqqIshg,Alter Rabe MotorBlog,Alter Rabe MotorBlog,
UC6wpC2mTEqutfpSYNBqRFzA,D1 Motovlog,D1 Motovlog,
UCdIDzkwdB1BwxYWnVVZ5XHQ,Jacob Motovlogs,Jacob Motovlogs,
51004997199,Tejodeep Mitra Roy,34,62.0
UC6hQYImx4vb9UYBZ6ZBPCnA,BYK Motovlog,BYK Motovlog,
