user_id,username
7731778366,muskankaria
2523939368,siyaarora_
3117246540,littiii_chokha
7183527129,bhupinder_19
2493037651,bhuvan.bam22
2094200507,virat.kohli
2075305619,carryminati
65829414793,krisha.hehe
5375738344,payalgamingg
8910948727,yaaraanchal
2315555414,kashikatayal
1747159416,rvcjinsta
44736813196,just_rishuuuuu
51904955847,shubha.shree.sahu
4935329536,_bachuuuu
3265041892,akritirawat_
6403910157,urvisingh143
59146156430,minimalisticisha
9921193974,ayushishekhawat_official
45039456673,whoisaarzoo
44278109455,navvyyaaaaa
372701298,yesmallika
1707952755,simran_dhanwani
510093911,dishapatani
11196522868,sammaira_jainn
53741251574,nashreels
8321099748,mythpat
7358884138,sshshivangi
7362728100,mcshnizzle
59856346363,ezsnippet
1591549051,yashikaaaaaaaaaaa
9271437008,pyaarinarikipaltan
1224968991,anahitakaranjia
63526268988,palchauhann
57086576581,chukundarrrr_
12024182170,aalusheddo
5977087412,zoyusional
45500971156,_.trustmeiamyashi._
6831515014,simran.bejwani
357989183,sanjanasanghi96
3434068525,kanikasuyal
5993431115,raisr.sanchi
6911107366,kashvi_magan
61574353506,being_taniyaoberoi
2222913062,evaa.sharma
3870637806,puravjha
2315696175,nehavashisht1
53610258450,r_rajesh_07
11099137204,_amisha_trivedi
3534078176,priyankaabhuti
66812542825,prettyyy.pearll
1608656859,sanchijain._
66537848492,meeraa.sharmaa
8042186632,aashnajuyal06
181436401,instantbollywood
39287574361,the_sound_blaze
63163649346,_riteeka7
53849051941,one_dollar_productions
44209266199,deekshachopraa
47095655784,manushika8
42165449904,beingtaniyaoberoi
15256007969,shwetapundir26
65117160214,who_akriti_
65918358494,wukyong_tt
44949955015,manashvi48
492821405,priyalmittall
1136202202,harshita1210
53075913496,tobythegobi
3404357650,raabiyaaaa
9163451993,mahimaaseth
55408479335,rude.rii
446731754,jiyaashankarofficial
55460394748,isshiikaaa_
64740934342,yaraanchal
3439002676,milliebobbybrown
34939520902,notyourninnybabe
48277858392,shu_bruh_
64672755864,sakshi_ch0988
67000184624,iishitasinha
4024522010,ridhimaaaa_21
